correspondname,IDnumbers
EN-N-增生早期-未画图84,0001
EN-N-增生晚期-未画图8,0002
EN-N-增生晚期-未画图46,0003
EN-N育龄增生早期14,0004
EN-N-增生早期-未画图37,0005
EN-N育龄增生早期51,0006
EN-N育龄增生晚期41,0007
EN-N-增生早期-未画图44,0008
EN-N育龄增生早期57,0009
EN-N-绝经期-未画图32,0010
EN-N-增生早期-未画图12,0011
EN-N-绝经期-未画图38,0012
EN-N-增生早期-未画图94,0013
EN-N绝经后28,0014
EN-N-增生早期-未画图96,0015
EN-N育龄分泌24,0016
EN-N-绝经期-未画图83,0017
EN-N-绝经期-未画图118,0018
EN-N育龄分泌2,0019
EN-N育龄分泌31,0020
EN-N-增生晚期-未画图13,0021
EN-N-增生早期-未画图7,0022
EN-N-绝经期-未画图43,0023
EN-N-增生晚期-未画图14,0024
EN-N-增生早期-未画图58,0025
EN-N-绝经期-未画图123,0026
EN-N育龄分泌68,0027
EN-N-绝经期-未画图51,0028
EN-N绝经后15,0029
EN-N绝经后22,0030
EN-N-绝经期-未画图154,0031
EN-N育龄增生早期9,0032
EN-N育龄增生晚期54,0033
EN-N-绝经期-未画图100,0034
EN-N育龄增生早期61,0035
EN-N育龄增生晚期10,0036
EN-N-分泌期-未画图35,0037
EN-N-增生早期-未画图55,0038
EN-N育龄增生早期90,0039
EN-N-分泌期-未画图31,0040
EN-N-绝经期-未画图80,0041
EN-N育龄增生晚期4,0042
EN-N-增生晚期-未画图57,0043
EN-N育龄分泌14,0044
EN-N-绝经期-未画图155,0045
EN-N绝经后6,0046
EN-N-绝经期-未画图67,0047
EN-N-增生早期-未画图3,0048
EN-N-增生晚期-未画图29,0049
EN-N-增生早期-未画图92,0050
EN-N-增生早期-未画图57,0051
EN-N育龄增生早期65,0052
EN-N育龄增生晚期31,0053
EN-N育龄增生早期20,0054
EN-N-增生早期-未画图78,0055
EN-N-增生早期-未画图99,0056
EN-N育龄分泌13,0057
EN-N绝经后19,0058
EN-N育龄增生晚期57,0059
EN-N绝经后16,0060
EN-N育龄增生早期93,0061
EN-N-绝经期-未画图8,0062
EN-N-绝经期-未画图116,0063
EN-N育龄增生晚期28,0064
EN-N-增生早期-未画图53,0065
EN-N-绝经期-未画图125,0066
EN-N育龄增生早期66,0067
EN-N-增生早期-未画图16,0068
EN-N-增生早期-未画图52,0069
EN-N-绝经期-未画图120,0070
EN-N育龄增生晚期15,0071
EN-N-增生晚期-未画图53,0072
EN-N育龄增生早期22,0073
EN-N育龄增生晚期49,0074
EN-N-增生晚期-未画图1,0075
EN-N-绝经期-未画图95,0076
EN-N育龄增生早期62,0077
EN-N育龄分泌54,0078
EN-N育龄增生早期50,0079
EN-N-绝经期-未画图147,0080
EN-N育龄分泌20,0081
EN-N-分泌期-未画图22,0082
EN-N绝经后27,0083
EN-N-绝经期-未画图90,0084
EN-N-绝经期-未画图57,0085
EN-N-绝经期-未画图30,0086
EN-N绝经后17,0087
EN-N育龄增生晚期60,0088
EN-N-增生早期-未画图24,0089
EN-N育龄增生早期42,0090
EN-N绝经后4,0091
EN-N-增生早期-未画图64,0092
EN-N育龄分泌6,0093
EN-N-分泌期-未画图20,0094
EN-N育龄增生早期17,0095
EN-N育龄增生晚期20,0096
EN-N-增生晚期-未画图51,0097
EN-N育龄增生早期54,0098
EN-N-分泌期-未画图6,0099
EN-N-绝经期-未画图87,0100
EN-N绝经后7,0101
EN-N-增生早期-未画图65,0102
EN-N-增生晚期-未画图30,0103
EN-N-增生早期-未画图29,0104
EN-N育龄增生晚期38,0105
EN-N-绝经期-未画图150,0106
EN-N育龄增生晚期68,0107
EN-N-绝经期-未画图55,0108
EN-N-绝经期-未画图156,0109
EN-N育龄增生晚期8,0110
EN-N-增生早期-未画图17,0111
EN-N-增生晚期-未画图12,0112
EN-N育龄增生晚期2,0113
EN-N育龄增生早期1,0114
EN-N-增生晚期-未画图50,0115
EN-N育龄增生早期16,0116
EN-N育龄增生晚期12,0117
EN-N育龄分泌37,0118
EN-N育龄增生晚期22,0119
EN-N育龄增生早期48,0120
EN-N育龄分泌47,0121
EN-N育龄分泌9,0122
EN-N绝经后20,0123
EN-N-增生早期-未画图25,0124
EN-N育龄增生早期3,0125
EN-N-增生早期-未画图33,0126
EN-N育龄增生早期84,0127
EN-N绝经后14,0128
EN-N-增生晚期-未画图9,0129
EN-N-分泌期-未画图34,0130
EN-N-绝经期-未画图64,0131
EN-N-增生早期-未画图5,0132
EN-N育龄增生晚期19,0133
EN-N-增生晚期-未画图11,0134
EN-N育龄分泌5,0135
EN-N育龄增生晚期14,0136
EN-N-分泌期-未画图10,0137
EN-N-分泌期-未画图11,0138
EN-N-分泌期-未画图13,0139
EN-N-分泌期-未画图15,0140
EN-N-分泌期-未画图18,0141
EN-N-分泌期-未画图21,0142
EN-N-分泌期-未画图24,0143
EN-N-分泌期-未画图27,0144
EN-N-分泌期-未画图29,0145
EN-N-分泌期-未画图30,0146
EN-N-分泌期-未画图32,0147
EN-N-分泌期-未画图33,0148
EN-N-分泌期-未画图38,0149
EN-N-分泌期-未画图4,0150
EN-N-分泌期-未画图7,0151
EN-N育龄分泌1,0152
EN-N育龄分泌12,0153
EN-N育龄分泌22,0154
EN-N育龄分泌23,0155
EN-N育龄分泌25,0156
EN-N育龄分泌26,0157
EN-N育龄分泌27,0158
EN-N育龄分泌28,0159
EN-N育龄分泌29,0160
EN-N育龄分泌3,0161
EN-N育龄分泌30,0162
EN-N育龄分泌32,0163
EN-N育龄分泌33,0164
EN-N育龄分泌36,0165
EN-N育龄分泌45,0166
EN-N育龄分泌7,0167
EN-N育龄分泌8,0168
EN-N-绝经期-未画图1,0169
EN-N-绝经期-未画图10,0170
EN-N-绝经期-未画图103,0171
EN-N-绝经期-未画图104,0172
EN-N-绝经期-未画图107,0173
EN-N-绝经期-未画图108,0174
EN-N-绝经期-未画图109,0175
EN-N-绝经期-未画图117,0176
EN-N-绝经期-未画图119,0177
EN-N-绝经期-未画图121,0178
EN-N-绝经期-未画图122,0179
EN-N-绝经期-未画图126,0180
EN-N-绝经期-未画图127,0181
EN-N-绝经期-未画图128,0182
EN-N-绝经期-未画图129,0183
EN-N-绝经期-未画图13,0184
EN-N-绝经期-未画图130,0185
EN-N-绝经期-未画图132,0186
EN-N-绝经期-未画图133,0187
EN-N-绝经期-未画图134,0188
EN-N-绝经期-未画图135,0189
EN-N-绝经期-未画图136,0190
EN-N-绝经期-未画图14,0191
EN-N-绝经期-未画图143,0192
EN-N-绝经期-未画图145,0193
EN-N-绝经期-未画图148,0194
EN-N-绝经期-未画图15,0195
EN-N-绝经期-未画图151,0196
EN-N-绝经期-未画图152,0197
EN-N-绝经期-未画图153,0198
EN-N-绝经期-未画图157,0199
EN-N-绝经期-未画图16,0200
EN-N-绝经期-未画图160,0201
EN-N-绝经期-未画图161,0202
EN-N-绝经期-未画图162,0203
EN-N-绝经期-未画图167,0204
EN-N-绝经期-未画图168,0205
EN-N-绝经期-未画图169,0206
EN-N-绝经期-未画图17,0207
EN-N-绝经期-未画图170,0208
EN-N-绝经期-未画图171,0209
EN-N-绝经期-未画图177,0210
EN-N-绝经期-未画图18,0211
EN-N-绝经期-未画图183,0212
EN-N-绝经期-未画图187,0213
EN-N-绝经期-未画图188,0214
EN-N-绝经期-未画图2,0215
EN-N-绝经期-未画图21,0216
EN-N-绝经期-未画图22,0217
EN-N-绝经期-未画图25,0218
EN-N-绝经期-未画图27,0219
EN-N-绝经期-未画图3,0220
EN-N-绝经期-未画图31,0221
EN-N-绝经期-未画图33,0222
EN-N-绝经期-未画图35,0223
EN-N-绝经期-未画图37,0224
EN-N-绝经期-未画图4,0225
EN-N-绝经期-未画图41,0226
EN-N-绝经期-未画图42,0227
EN-N-绝经期-未画图46,0228
EN-N-绝经期-未画图49,0229
EN-N-绝经期-未画图5,0230
EN-N-绝经期-未画图50,0231
EN-N-绝经期-未画图52,0232
EN-N-绝经期-未画图54,0233
EN-N-绝经期-未画图56,0234
EN-N-绝经期-未画图58,0235
EN-N-绝经期-未画图59,0236
EN-N-绝经期-未画图6,0237
EN-N-绝经期-未画图60,0238
EN-N-绝经期-未画图61,0239
EN-N-绝经期-未画图62,0240
EN-N-绝经期-未画图63,0241
EN-N-绝经期-未画图68,0242
EN-N-绝经期-未画图69,0243
EN-N-绝经期-未画图7,0244
EN-N-绝经期-未画图70,0245
EN-N-绝经期-未画图71,0246
EN-N-绝经期-未画图72,0247
EN-N-绝经期-未画图73,0248
EN-N-绝经期-未画图74,0249
EN-N-绝经期-未画图77,0250
EN-N-绝经期-未画图79,0251
EN-N-绝经期-未画图81,0252
EN-N-绝经期-未画图85,0253
EN-N-绝经期-未画图86,0254
EN-N-绝经期-未画图88,0255
EN-N-绝经期-未画图9,0256
EN-N-绝经期-未画图91,0257
EN-N-绝经期-未画图92,0258
EN-N-绝经期-未画图93,0259
EN-N-绝经期-未画图98,0260
EN-N-绝经期-未画图99,0261
EN-N绝经后1,0262
EN-N绝经后18,0263
EN-N绝经后2,0264
EN-N绝经后21,0265
EN-N绝经后23,0266
EN-N绝经后25,0267
EN-N绝经后26,0268
EN-N绝经后3,0269
EN-N绝经后5,0270
EN-N绝经后8,0271
EN-N绝经后9,0272
EN-N-增生晚期-未画图15,0273
EN-N-增生晚期-未画图16,0274
EN-N-增生晚期-未画图18,0275
EN-N-增生晚期-未画图2,0276
EN-N-增生晚期-未画图21,0277
EN-N-增生晚期-未画图22,0278
EN-N-增生晚期-未画图24,0279
EN-N-增生晚期-未画图25,0280
EN-N-增生晚期-未画图27,0281
EN-N-增生晚期-未画图3,0282
EN-N-增生晚期-未画图32,0283
EN-N-增生晚期-未画图33,0284
EN-N-增生晚期-未画图34,0285
EN-N-增生晚期-未画图36,0286
EN-N-增生晚期-未画图37,0287
EN-N-增生晚期-未画图38,0288
EN-N-增生晚期-未画图40,0289
EN-N-增生晚期-未画图43,0290
EN-N-增生晚期-未画图45,0291
EN-N-增生晚期-未画图49,0292
EN-N-增生晚期-未画图5,0293
EN-N-增生晚期-未画图52,0294
EN-N-增生晚期-未画图54,0295
EN-N-增生晚期-未画图55,0296
EN-N-增生晚期-未画图56,0297
EN-N-增生晚期-未画图59,0298
EN-N-增生晚期-未画图6,0299
EN-N-增生晚期-未画图7,0300
EN-N育龄增生晚期11,0301
EN-N育龄增生晚期16,0302
EN-N育龄增生晚期23,0303
EN-N育龄增生晚期25,0304
EN-N育龄增生晚期26,0305
EN-N育龄增生晚期27,0306
EN-N育龄增生晚期29,0307
EN-N育龄增生晚期36,0308
EN-N育龄增生晚期37,0309
EN-N育龄增生晚期39,0310
EN-N育龄增生晚期44,0311
EN-N育龄增生晚期45,0312
EN-N育龄增生晚期51,0313
EN-N育龄增生晚期52,0314
EN-N育龄增生晚期58,0315
EN-N育龄增生晚期65,0316
EN-N育龄增生晚期7,0317
EN-N-增生早期-未画图10,0318
EN-N-增生早期-未画图11,0319
EN-N-增生早期-未画图13,0320
EN-N-增生早期-未画图14,0321
EN-N-增生早期-未画图15,0322
EN-N-增生早期-未画图19,0323
EN-N-增生早期-未画图20,0324
EN-N-增生早期-未画图21,0325
EN-N-增生早期-未画图23,0326
EN-N-增生早期-未画图28,0327
EN-N-增生早期-未画图30,0328
EN-N-增生早期-未画图31,0329
EN-N-增生早期-未画图32,0330
EN-N-增生早期-未画图34,0331
EN-N-增生早期-未画图36,0332
EN-N-增生早期-未画图38,0333
EN-N-增生早期-未画图39,0334
EN-N-增生早期-未画图45,0335
EN-N-增生早期-未画图47,0336
EN-N-增生早期-未画图48,0337
EN-N-增生早期-未画图54,0338
EN-N-增生早期-未画图56,0339
EN-N-增生早期-未画图60,0340
EN-N-增生早期-未画图63,0341
EN-N-增生早期-未画图66,0342
EN-N-增生早期-未画图67,0343
EN-N-增生早期-未画图70,0344
EN-N-增生早期-未画图71,0345
EN-N-增生早期-未画图72,0346
EN-N-增生早期-未画图73,0347
EN-N-增生早期-未画图74,0348
EN-N-增生早期-未画图76,0349
EN-N-增生早期-未画图77,0350
EN-N-增生早期-未画图8,0351
EN-N-增生早期-未画图80,0352
EN-N-增生早期-未画图81,0353
EN-N-增生早期-未画图82,0354
EN-N-增生早期-未画图83,0355
EN-N-增生早期-未画图85,0356
EN-N-增生早期-未画图87,0357
EN-N-增生早期-未画图88,0358
EN-N-增生早期-未画图89,0359
EN-N-增生早期-未画图9,0360
EN-N-增生早期-未画图93,0361
EN-N-增生早期-未画图95,0362
EN-N-增生早期-未画图98,0363
EN-N育龄增生早期10,0364
EN-N育龄增生早期12,0365
EN-N育龄增生早期18,0366
EN-N育龄增生早期19,0367
EN-N育龄增生早期24,0368
EN-N育龄增生早期26,0369
EN-N育龄增生早期28,0370
EN-N育龄增生早期29,0371
EN-N育龄增生早期39,0372
EN-N育龄增生早期43,0373
EN-N育龄增生早期46,0374
EN-N育龄增生早期5,0375
EN-N育龄增生早期52,0376
EN-N育龄增生早期53,0377
EN-N育龄增生早期55,0378
EN-N育龄增生早期56,0379
EN-N育龄增生早期58,0380
EN-N育龄增生早期60,0381
EN-N育龄增生早期64,0382
EN-N育龄增生早期67,0383
EN-N育龄增生早期69,0384
EN-N育龄增生早期7,0385
EN-N育龄增生早期70,0386
EN-N育龄增生早期74,0387
EN-N育龄增生早期80,0388
EN-N育龄增生早期82,0389
EN-N育龄增生早期83,0390
EN-N育龄增生早期89,0391
EN-N-增生晚期-待识别262,0392
EN-N-增生早期-待识别5,0393
EN-N-增生晚期-待识别201,0394
EN-N-绝经期-待识别87,0395
EN-N-分泌期-待识别211,0396
EN-N-绝经期-待识别35,0397
EN-N-绝经期-待识别3,0398
EN-N-增生晚期-待识别86,0399
EN-N-绝经期-待识别265,0400
EN-N-增生早期-待识别29,0401
EN-N-增生晚期-待识别223,0402
EN-N-绝经期-待识别221,0403
EN-N-增生早期-待识别140,0404
EN-N-分泌期-待识别605,0405
EN-N-绝经期-待识别294,0406
EN-N-分泌期-待识别161,0407
EN-N-增生早期-待识别269,0408
EN-N-绝经期-待识别143,0409
EN-N-分泌期-待识别497,0410
EN-N-增生早期-待识别232,0411
EN-N-分泌期-未画图1,0412
EN-N-增生早期-未画图22,0413
EN-N-分泌期-待识别596,0414
EN-N-绝经期-待识别181,0415
EN-N-增生早期-待识别167,0416
EN-N-分泌期-待识别528,0417
EN-N-增生晚期-待识别18,0418
EN-N-增生早期-待识别164,0419
EN-N-绝经期-待识别4,0420
EN-N-增生早期-待识别37,0421
EN-N-分泌期-待识别569,0422
EN-N-增生早期-待识别229,0423
EN-N-分泌期-待识别551,0424
EN-N-绝经期-待识别180,0425
EN-N-绝经期-待识别12,0426
EN-N-绝经期-待识别71,0427
EN-N-分泌期-待识别197,0428
EN-N-分泌期-待识别395,0429
EN-N-绝经期-待识别27,0430
EN-N-增生早期-待识别36,0431
EN-N-增生晚期-待识别155,0432
EN-N-分泌期-待识别310,0433
EN-N-增生晚期-待识别121,0434
EN-N-增生早期-待识别81,0435
EN-N-增生早期-待识别95,0436
EN-N-增生晚期-待识别99,0437
EN-N-增生早期-待识别149,0438
EN-N-增生晚期-待识别104,0439
EN-N-分泌期-待识别536,0440
EN-N-分泌期-待识别451,0441
EN-N-分泌期-待识别128,0442
EN-N-分泌期-待识别537,0443
EN-N育龄增生早期4,0444
EN-N-增生早期-待识别165,0445
EN-N-绝经期-待识别48,0446
EN-N-分泌期-待识别177,0447
EN-N-增生晚期-待识别178,0448
EN-N-增生早期-待识别141,0449
EN-N-绝经期-待识别234,0450
EN-N-增生早期-待识别202,0451
EN-N-增生晚期-待识别305,0452
EN-N-分泌期-待识别171,0453
EN-N-增生早期-待识别222,0454
EN-N-增生早期-待识别69,0455
EN-N-增生晚期-待识别57,0456
EN-N-增生早期-待识别217,0457
EN-N-增生早期-待识别199,0458
EN-N-分泌期-待识别356,0459
EN-N-增生晚期-待识别207,0460
EN-N-增生晚期-待识别91,0461
EN-N-增生晚期-待识别215,0462
EN-N-增生晚期-待识别168,0463
EN-N-增生晚期-待识别291,0464
EN-N-分泌期-待识别453,0465
EN-N-分泌期-待识别199,0466
EN-N-增生晚期-待识别218,0467
EN-N-分泌期-待识别191,0468
EN-N-增生晚期-待识别308,0469
EN-N-绝经期-待识别29,0470
EN-N-增生晚期-待识别216,0471
EN-N-分泌期-待识别93,0472
EN-N-增生晚期-待识别167,0473
EN-N-增生早期-待识别6,0474
EN-N-增生早期-待识别14,0475
EN-N育龄增生晚期43,0476
EN-N-绝经期-待识别305,0477
EN-N-增生早期-待识别45,0478
EN-N-增生早期-待识别223,0479
EN-N-增生晚期-待识别281,0480
EN-N-增生早期-待识别254,0481
EN-N-增生早期-待识别153,0482
EN-N-增生早期-待识别39,0483
EN-N-增生晚期-待识别85,0484
EN-N-增生早期-待识别327,0485
EN-N-绝经期-待识别65,0486
EN-N-增生早期-待识别144,0487
EN-N-增生晚期-待识别235,0488
EN-N-增生早期-待识别194,0489
EN-N-分泌期-待识别131,0490
补充-EN-N-增生晚期1,0491
EN-N-绝经期-待识别246,0492
EN-N-增生早期-待识别224,0493
EN-N-分泌期-待识别77,0494
EN-N-增生早期-待识别9,0495
EN-N-增生晚期-未画图41,0496
EN-N-绝经期-待识别84,0497
EN-N-绝经期-未画图78,0498
EN-N育龄增生早期45,0499
EN-N-增生早期-待识别227,0500
EN-N-绝经期-待识别147,0501
EN-N-分泌期-待识别582,0502
EN-N-增生早期-未画图2,0503
EN-N-分泌期-待识别261,0504
EN-N-绝经期-待识别76,0505
EN-N-绝经期-待识别117,0506
EN-N-分泌期-待识别392,0507
EN-N-增生早期-待识别182,0508
EN-N-增生晚期-未画图42,0509
EN-N-增生早期-未画图4,0510
EN-N-增生晚期-待识别107,0511
EN-N-分泌期-待识别245,0512
EN-N-分泌期-待识别98,0513
EN-N-增生晚期-待识别88,0514
EN-N-增生晚期-待识别187,0515
EN-N-增生晚期-待识别64,0516
EN-N-增生晚期-待识别301,0517
EN-N-分泌期-待识别287,0518
EN-N-绝经期-待识别171,0519
EN-N-增生早期-待识别78,0520
EN-N-分泌期-待识别514,0521
EN-N-增生早期-待识别238,0522
EN-N-绝经期-待识别135,0523
EN-N-增生晚期-待识别258,0524
EN-N-绝经期-待识别268,0525
EN-N-分泌期-未画图14,0526
EN-N-绝经期-待识别39,0527
EN-N-分泌期-待识别583,0528
EN-N-分泌期-待识别134,0529
EN-N-分泌期-待识别525,0530
EN-N-分泌期-待识别45,0531
EN-N-绝经期-未画图175,0532
EN-N-绝经期-待识别82,0533
EN-N-绝经期-待识别149,0534
EN-N-绝经期-待识别119,0535
EN-N-增生晚期-待识别36,0536
EN-N-绝经期-待识别34,0537
EN-N-分泌期-待识别459,0538
EN-N-增生早期-待识别280,0539
EN-N-增生早期-待识别174,0540
EN-N-绝经期-待识别155,0541
EN-N-分泌期-待识别534,0542
EN-N-绝经期-待识别144,0543
EN-N-增生晚期-待识别150,0544
EN-N-分泌期-待识别295,0545
EN-N-绝经期-待识别249,0546
EN-N-增生早期-待识别43,0547
EN-N-绝经期-待识别114,0548
EN-N-绝经期-待识别93,0549
EN-N-分泌期-待识别372,0550
EN-N-分泌期-待识别90,0551
EN-N-分泌期-待识别313,0552
EN-N-绝经期-未画图65,0553
EN-N-增生早期-待识别151,0554
EN-N-增生晚期-未画图28,0555
EN-N-增生早期-待识别154,0556
EN-N-增生早期-待识别221,0557
EN-N-增生早期-待识别306,0558
EN-N-增生晚期-待识别267,0559
EN-N-增生早期-待识别303,0560
EN-N-增生早期-待识别13,0561
EN-N-分泌期-待识别501,0562
EN-N-增生晚期-待识别40,0563
EN-N-增生晚期-待识别47,0564
EN-N-绝经期-待识别98,0565
EN-N-增生早期-待识别259,0566
EN-N-增生早期-待识别124,0567
EN-N-分泌期-待识别291,0568
EN-N-绝经期-待识别42,0569
EN-N-绝经期-待识别184,0570
EN-N-分泌期-待识别446,0571
EN-N-绝经期-待识别309,0572
EN-N-增生晚期-待识别134,0573
EN-N-分泌期-待识别92,0574
EN-N-分泌期-待识别101,0575
EN-N-分泌期-待识别240,0576
EN-N-分泌期-待识别158,0577
EN-N-绝经期-待识别89,0578
EN-N-分泌期-待识别147,0579
EN-N-增生早期-待识别277,0580
EN-N-增生晚期-待识别173,0581
EN-N-增生晚期-待识别34,0582
EN-N-绝经期-待识别250,0583
EN-N-分泌期-待识别105,0584
EN-N-分泌期-待识别269,0585
EN-N-增生早期-待识别16,0586
EN-N-分泌期-待识别94,0587
EN-N-增生晚期-待识别103,0588
EN-N-分泌期-待识别31,0589
EN-N-增生晚期-待识别182,0590
EN-N-增生晚期-待识别5,0591
补充-EN-N-分泌期4,0592
EN-N-增生晚期-待识别24,0593
EN-N-分泌期-待识别33,0594
EN-N-分泌期-待识别296,0595
EN-N-绝经期-待识别118,0596
EN-N-增生早期-待识别4,0597
EN-N-增生早期-待识别159,0598
EN-N-分泌期-待识别119,0599
EN-N-绝经期-待识别99,0600
EN-N-增生晚期-待识别226,0601
EN-N-绝经期-待识别194,0602
EN-N-增生晚期-待识别171,0603
EN-N-增生晚期-待识别259,0604
EN-N-分泌期-待识别471,0605
EN-N-分泌期-待识别430,0606
EN-N-增生早期-待识别287,0607
EN-N-增生晚期-待识别2,0608
EN-N-绝经期-待识别32,0609
EN-N-绝经期-待识别225,0610
EN-N-增生早期-待识别210,0611
EN-N-绝经期-待识别1,0612
EN-N-增生晚期-待识别234,0613
EN-N-分泌期-待识别121,0614
EN-N-增生晚期-待识别165,0615
EN-N-增生早期-待识别195,0616
EN-N-分泌期-待识别83,0617
EN-N-绝经期-待识别23,0618
EN-N-分泌期-待识别367,0619
补充-EN-N-分泌期7,0620
EN-N-增生早期-待识别34,0621
EN-N-增生早期-待识别138,0622
EN-N-增生晚期-待识别50,0623
EN-N-分泌期-待识别87,0624
EN-N-增生早期-待识别105,0625
EN-N-增生早期-待识别74,0626
EN-N-增生晚期-待识别72,0627
EN-N-增生早期-待识别59,0628
EN-N-分泌期-待识别221,0629
EN-N-分泌期-待识别555,0630
EN-N-分泌期-待识别529,0631
EN-N-分泌期-待识别129,0632
补充-EN-N-增生晚期4,0633
EN-N-增生早期-未画图97,0634
EN-N-分泌期-待识别244,0635
EN-N-绝经期-待识别220,0636
EN-N-绝经期-待识别202,0637
EN-N-绝经期-待识别315,0638
EN-N-增生早期-待识别170,0639
EN-N-分泌期-待识别464,0640
EN-N-分泌期-待识别36,0641
EN-N-增生晚期-待识别74,0642
EN-N-增生早期-待识别50,0643
EN-N-增生晚期-待识别285,0644
EN-N-增生晚期-待识别193,0645
EN-N-增生早期-待识别186,0646
EN-N-增生晚期-待识别144,0647
EN-N-分泌期-待识别212,0648
EN-N-增生早期-未画图1,0649
EN-N-增生晚期-待识别61,0650
EN-N-绝经期-待识别233,0651
EN-N-绝经期-待识别101,0652
补充-EN-N-增生晚期5,0653
EN-N-增生晚期-待识别212,0654
EN-N-增生晚期-待识别202,0655
EN-N-增生早期-待识别272,0656
EN-N育龄增生早期86,0657
EN-N-增生晚期-待识别203,0658
EN-N-增生早期-待识别318,0659
EN-N-分泌期-待识别125,0660
EN-N-分泌期-待识别474,0661
EN-N-增生晚期-待识别148,0662
EN-N-分泌期-待识别403,0663
EN-N-分泌期-待识别336,0664
EN-N-增生晚期-待识别208,0665
补充-EN-N-分泌期3,0666
EN-N-增生晚期-待识别265,0667
EN-N-增生晚期-待识别283,0668
EN-N-分泌期-待识别86,0669
EN-N-增生晚期-待识别224,0670
EN-N-分泌期-待识别543,0671
EN-N-绝经期-待识别85,0672
EN-N-分泌期-待识别48,0673
EN-N-绝经期-待识别91,0674
EN-N-增生晚期-待识别67,0675
EN-N-增生早期-待识别27,0676
EN-N-绝经期-待识别137,0677
EN-N-分泌期-待识别280,0678
EN-N-绝经期-待识别186,0679
EN-N-增生晚期-待识别77,0680
EN-N-绝经期-待识别49,0681
EN-N-增生晚期-待识别217,0682
EN-N-绝经期-待识别290,0683
EN-N-增生早期-待识别245,0684
EN-N-绝经期-待识别176,0685
EN-N-分泌期-待识别559,0686
EN-N-增生晚期-待识别23,0687
EN-N-绝经期-待识别37,0688
EN-N-分泌期-待识别51,0689
EN-N-增生晚期-待识别132,0690
EN-N-绝经期-待识别210,0691
EN-N-分泌期-待识别433,0692
补充-EN-N-绝经期-16,0693
EN-N-分泌期-待识别610,0694
EN-N-增生晚期-待识别190,0695
EN-N-增生早期-待识别267,0696
EN-N-绝经期-未画图179,0697
EN-N-增生晚期-待识别22,0698
EN-N-分泌期-待识别286,0699
EN-N-增生晚期-待识别194,0700
EN-N-分泌期-待识别425,0701
EN-N-绝经期-待识别31,0702
EN-N-分泌期-待识别274,0703
EN-N-增生早期-待识别38,0704
EN-N-分泌期-待识别368,0705
EN-N-增生晚期-待识别290,0706
EN-N-绝经期-待识别156,0707
EN-N-增生早期-待识别190,0708
EN-N-增生晚期-待识别289,0709
EN-N-分泌期-待识别535,0710
EN-N-增生晚期-待识别264,0711
EN-N-增生晚期-待识别176,0712
EN-N-分泌期-待识别362,0713
EN-N-增生晚期-待识别278,0714
EN-N-绝经期-待识别146,0715
EN-N育龄增生早期2,0716
EN-N-分泌期-待识别294,0717
EN-N-增生晚期-待识别185,0718
EN-N-增生晚期-待识别143,0719
EN-N-增生晚期-待识别214,0720
EN-N-增生晚期-待识别81,0721
EN-N-增生晚期-待识别254,0722
EN-N-增生早期-待识别278,0723
EN-N-绝经期-待识别267,0724
EN-N-分泌期-待识别343,0725
EN-N-增生早期-待识别313,0726
补充-EN-N-绝经期-8,0727
EN-N-增生晚期-待识别195,0728
EN-N-绝经期-待识别80,0729
EN-N-分泌期-待识别389,0730
EN-N育龄分泌10,0731
EN-N-增生早期-待识别104,0732
EN-N-绝经期-待识别253,0733
EN-N-增生早期-待识别266,0734
EN-N-分泌期-未画图26,0735
EN-N-增生早期-待识别183,0736
EN-N-分泌期-待识别516,0737
EN-N-分泌期-待识别156,0738
EN-N-分泌期-待识别230,0739
EN-N-分泌期-待识别55,0740
EN-N-增生早期-待识别175,0741
EN-N-分泌期-待识别575,0742
EN-N-绝经期-待识别241,0743
EN-N-增生早期-待识别197,0744
EN-N-分泌期-待识别380,0745
EN-N-分泌期-待识别562,0746
EN-N-分泌期-待识别54,0747
EN-N-分泌期-待识别193,0748
EN-N-分泌期-未画图16,0749
EN-N-增生晚期-待识别37,0750
EN-N-绝经期-待识别56,0751
EN-N-分泌期-待识别289,0752
EN-N-绝经期-未画图144,0753
EN-N-增生晚期-待识别130,0754
EN-N-分泌期-待识别469,0755
EN-N-增生早期-待识别273,0756
EN-N育龄增生晚期46,0757
EN-N-分泌期-待识别216,0758
EN-N-增生晚期-待识别38,0759
EN-N-增生早期-待识别161,0760
EN-N-分泌期-待识别198,0761
EN-N-增生早期-待识别258,0762
EN-N-分泌期-待识别565,0763
EN-N-分泌期-待识别140,0764
EN-N-增生早期-待识别88,0765
EN-N-分泌期-待识别481,0766
EN-N-绝经期-待识别318,0767
EN-N-绝经期-待识别57,0768
EN-N-增生晚期-待识别15,0769
EN-N-分泌期-待识别530,0770
EN-N-绝经期-待识别79,0771
EN-N-绝经期-待识别282,0772
EN-N-增生早期-待识别134,0773
EN-N-增生早期-待识别292,0774
EN-N-绝经期-待识别70,0775
EN-N-分泌期-待识别427,0776
EN-N-绝经期-待识别226,0777
EN-N-增生晚期-待识别257,0778
EN-N-分泌期-待识别64,0779
EN-N-分泌期-待识别109,0780
EN-N-增生早期-待识别244,0781
补充-EN-N-增生晚期3,0782
EN-N-增生晚期-待识别108,0783
EN-N-分泌期-待识别66,0784
EN-N-绝经期-待识别97,0785
EN-N-增生晚期-待识别255,0786
EN-N-绝经期-待识别133,0787
EN-N-分泌期-待识别563,0788
EN-N-增生早期-待识别82,0789
EN-N-增生早期-待识别76,0790
EN-N-绝经期-待识别54,0791
EN-N-增生晚期-待识别159,0792
EN-N-绝经期-待识别312,0793
EN-N-分泌期-待识别168,0794
EN-N-分泌期-待识别210,0795
EN-N-增生早期-待识别234,0796
EN-N-增生早期-待识别320,0797
EN-N-分泌期-待识别118,0798
EN-N-分泌期-待识别253,0799
EN-N-分泌期-待识别10,0800
EN-N-分泌期-待识别43,0801
EN-N-增生早期-待识别247,0802
EN-N-绝经期-待识别69,0803
EN-N-增生晚期-待识别94,0804
EN-N-分泌期-待识别163,0805
EN-N-增生早期-待识别86,0806
EN-N-绝经期-待识别316,0807
EN-N-分泌期-待识别213,0808
EN-N-绝经期-待识别83,0809
EN-N-增生早期-未画图90,0810
EN-N-分泌期-待识别116,0811
EN-N-增生早期-未画图42,0812
EN-N-分泌期-待识别46,0813
EN-N-分泌期-待识别489,0814
EN-N-分泌期-待识别324,0815
EN-N-增生早期-待识别207,0816
EN-N-增生晚期-未画图10,0817
EN-N-分泌期-待识别60,0818
EN-N-增生早期-待识别230,0819
补充-EN-N-绝经期-7,0820
EN-N-增生晚期-待识别153,0821
EN-N-增生晚期-待识别276,0822
EN-N-分泌期-待识别239,0823
EN-N-绝经期-待识别51,0824
EN-N-分泌期-待识别104,0825
EN-N-分泌期-待识别103,0826
EN-N-增生晚期-待识别196,0827
EN-N-增生早期-待识别242,0828
EN-N-增生晚期-待识别253,0829
EN-N-增生晚期-待识别42,0830
EN-N-分泌期-待识别227,0831
EN-N-绝经期-待识别206,0832
EN-N-绝经期-未画图176,0833
EN-N-绝经期-待识别288,0834
EN-N-绝经期-未画图112,0835
EN-N-分泌期-待识别441,0836
EN-N-分泌期-待识别99,0837
EN-N-增生早期-待识别70,0838
EN-N-绝经期-待识别78,0839
EN-N-分泌期-待识别593,0840
EN-N-分泌期-待识别542,0841
EN-N-分泌期-待识别374,0842
EN-N-增生早期-待识别301,0843
EN-N-增生早期-待识别143,0844
EN-N-分泌期-待识别417,0845
EN-N-分泌期-待识别381,0846
EN-N-增生早期-待识别228,0847
EN-N-绝经期-待识别212,0848
EN-N-增生早期-待识别169,0849
EN-N-绝经期-待识别105,0850
EN-N-增生晚期-待识别198,0851
EN-N-绝经期-待识别11,0852
EN-N-绝经期-待识别172,0853
EN-N-增生晚期-待识别63,0854
EN-N-分泌期-待识别57,0855
EN-N-增生早期-待识别317,0856
EN-N-分泌期-未画图8,0857
EN-N-增生晚期-待识别17,0858
EN-N-增生早期-待识别201,0859
EN-N育龄增生早期79,0860
EN-N-分泌期-待识别584,0861
EN-N-绝经期-未画图75,0862
EN-N-分泌期-待识别203,0863
EN-N-绝经期-待识别214,0864
EN-N-增生晚期-待识别233,0865
EN-N-分泌期-待识别609,0866
EN-N-增生晚期-待识别75,0867
EN-N-增生早期-待识别152,0868
EN-N-增生早期-待识别214,0869
EN-N-增生早期-待识别261,0870
EN-N-绝经期-未画图131,0871
EN-N-分泌期-待识别24,0872
EN-N-分泌期-待识别41,0873
EN-N-分泌期-待识别465,0874
EN-N-绝经期-待识别9,0875
EN-N-分泌期-待识别393,0876
EN-N-分泌期-待识别223,0877
EN-N-增生晚期-待识别156,0878
EN-N-增生早期-待识别80,0879
EN-N-增生早期-待识别107,0880
EN-N-分泌期-待识别589,0881
EN-N-增生晚期-待识别260,0882
EN-N-分泌期-待识别176,0883
EN-N-分泌期-待识别360,0884
EN-N-增生晚期-待识别179,0885
EN-N-增生晚期-待识别157,0886
EN-N-分泌期-待识别315,0887
EN-N-增生早期-待识别288,0888
EN-N-增生晚期-待识别174,0889
EN-N-绝经期-待识别219,0890
EN-N-分泌期-待识别115,0891
EN-N-增生晚期-待识别184,0892
EN-N-分泌期-待识别591,0893
EN-N-增生早期-待识别178,0894
补充-EN-N-增生晚期6,0895
EN-N-增生晚期-待识别66,0896
EN-N-分泌期-待识别37,0897
EN-N-增生早期-待识别176,0898
EN-N-增生早期-待识别235,0899
EN-N-绝经期-待识别53,0900
EN-N-分泌期-待识别607,0901
EN-N-分泌期-待识别97,0902
EN-N-增生早期-待识别89,0903
EN-N-分泌期-待识别321,0904
EN-N-增生晚期-待识别191,0905
EN-N-分泌期-待识别470,0906
EN-N-增生晚期-待识别242,0907
EN-N-分泌期-待识别285,0908
EN-N-绝经期-待识别130,0909
EN-N-分泌期-待识别179,0910
EN-N-分泌期-待识别252,0911
EN-N-增生晚期-未画图48,0912
EN-N-绝经期-待识别157,0913
EN-N-增生晚期-待识别4,0914
EN-N-分泌期-待识别512,0915
EN-N-增生早期-待识别33,0916
EN-N-绝经期-待识别132,0917
EN-N-绝经期-待识别201,0918
EN-N-分泌期-待识别233,0919
EN-N-增生早期-未画图46,0920
EN-N-分泌期-待识别11,0921
EN-N-增生早期-待识别25,0922
EN-N-增生晚期-待识别295,0923
EN-N-分泌期-待识别247,0924
补充-EN-N-增生晚期7,0925
EN-N-增生晚期-待识别287,0926
EN-N-分泌期-待识别572,0927
EN-N-增生早期-待识别260,0928
EN-N-增生早期-待识别58,0929
EN-N-分泌期-待识别449,0930
EN-N-绝经期-待识别292,0931
EN-N-增生晚期-待识别249,0932
EN-N-增生晚期-待识别225,0933
EN-N-增生晚期-待识别266,0934
EN-N-绝经期-待识别115,0935
EN-N-分泌期-待识别132,0936
EN-N-增生晚期-待识别102,0937
EN-N-分泌期-待识别552,0938
EN-N-分泌期-待识别124,0939
EN-N-增生早期-待识别68,0940
EN-N-增生晚期-待识别188,0941
EN-N-绝经期-待识别183,0942
EN-N-分泌期-待识别136,0943
EN-N-增生晚期-待识别240,0944
EN-N-增生晚期-待识别205,0945
EN-N-绝经期-待识别47,0946
EN-N-分泌期-待识别568,0947
EN-N-分泌期-待识别126,0948
EN-N-增生早期-未画图18,0949
EN-N-增生早期-待识别96,0950
EN-N-增生早期-待识别2,0951
EN-N-增生晚期-待识别62,0952
EN-N-绝经期-待识别306,0953
EN-N-分泌期-待识别112,0954
EN-N-增生晚期-待识别3,0955
EN-N-增生早期-未画图62,0956
EN-N-增生晚期-未画图58,0957
EN-N-分泌期-待识别69,0958
EN-N-增生晚期-待识别239,0959
EN-N-绝经期-待识别321,0960
EN-N-绝经期-未画图84,0961
EN-N-增生晚期-待识别152,0962
EN-N-绝经期-待识别307,0963
EN-N-分泌期-待识别304,0964
EN-N-分泌期-待识别159,0965
EN-N-增生早期-待识别249,0966
EN-N-增生早期-待识别160,0967
EN-N-增生晚期-待识别206,0968
EN-N-绝经期-未画图96,0969
EN-N-分泌期-待识别85,0970
EN-N-增生晚期-待识别141,0971
EN-N-分泌期-待识别255,0972
EN-N-绝经期-待识别46,0973
EN-N-绝经期-待识别72,0974
EN-N-绝经期-待识别174,0975
EN-N-分泌期-待识别89,0976
EN-N-增生晚期-未画图23,0977
EN-N-分泌期-待识别72,0978
EN-N-绝经期-待识别10,0979
EN-N-绝经期-待识别128,0980
EN-N-绝经期-待识别314,0981
EN-N-绝经期-待识别190,0982
EN-N-绝经期-待识别228,0983
EN-N-分泌期-待识别375,0984
EN-N-分泌期-待识别123,0985
补充-EN-N-绝经期-5,0986
EN-N-增生早期-待识别189,0987
EN-N-增生早期-待识别22,0988
EN-N-绝经期-待识别230,0989
EN-N-增生早期-待识别48,0990
EN-N-绝经期-待识别320,0991
EN-N-增生晚期-待识别106,0992
EN-N-分泌期-待识别194,0993
EN-N-增生早期-待识别226,0994
EN-N-分泌期-待识别237,0995
EN-N-绝经期-待识别139,0996
EN-N-增生早期-待识别139,0997
EN-N-增生晚期-待识别269,0998
EN-N-绝经期-待识别64,0999
EN-N-增生晚期-待识别133,1000
EN-N-增生晚期-待识别306,1001
EN-N-增生早期-未画图79,1002
EN-N-增生早期-待识别171,1003
EN-N-增生早期-待识别166,1004
EN-N-增生晚期-待识别28,1005
EN-N-分泌期-待识别567,1006
EN-N-绝经期-待识别160,1007
EN-N-增生晚期-待识别279,1008
EN-N-绝经期-未画图142,1009
EN-N-分泌期-待识别38,1010
EN-N-绝经期-待识别242,1011
EN-N-分泌期-待识别308,1012
EN-N-分泌期-待识别8,1013
EN-N-绝经期-待识别52,1014
EN-N-绝经期-待识别301,1015
EN-N-绝经期-待识别15,1016
EN-N-增生晚期-待识别127,1017
EN-N-增生早期-待识别281,1018
EN-N-增生晚期-待识别131,1019
EN-N-增生晚期-待识别29,1020
EN-N-分泌期-待识别405,1021
EN-N-增生早期-待识别284,1022
EN-N-绝经期-待识别107,1023
EN-N-分泌期-待识别257,1024
EN-N-增生早期-未画图69,1025
补充-EN-N-绝经期-13,1026
EN-N-分泌期-待识别376,1027
EN-N-分泌期-待识别342,1028
EN-N-分泌期-待识别538,1029
EN-N-增生早期-待识别18,1030
EN-N-绝经期-待识别236,1031
补充-EN-N-绝经期-3,1032
EN-N-增生晚期-待识别210,1033
EN-N-绝经期-未画图173,1034
EN-N-绝经期-未画图53,1035
EN-N-增生晚期-待识别302,1036
EN-N育龄增生早期85,1037
EN-N-增生晚期-待识别211,1038
EN-N-增生早期-待识别295,1039
EN-N-增生早期-待识别180,1040
EN-N-分泌期-待识别586,1041
EN-N-分泌期-待识别204,1042
EN-N-分泌期-待识别157,1043
EN-N-分泌期-待识别49,1044
EN-N-分泌期-待识别292,1045
EN-N-分泌期-待识别182,1046
EN-N-增生早期-待识别213,1047
EN-N-增生晚期-待识别277,1048
EN-N-绝经期-待识别62,1049
EN-N-分泌期-待识别111,1050
EN-N-增生早期-未画图49,1051
EN-N-增生早期-待识别246,1052
EN-N-分泌期-待识别434,1053
EN-N-分泌期-待识别521,1054
EN-N-绝经期-未画图48,1055
EN-N-增生晚期-待识别296,1056
EN-N-分泌期-未画图12,1057
EN-N-分泌期-待识别351,1058
EN-N-增生早期-待识别286,1059
EN-N-增生晚期-待识别272,1060
EN-N-分泌期-待识别305,1061
EN-N-分泌期-待识别95,1062
EN-N-绝经期-待识别95,1063
EN-N-分泌期-待识别190,1064
EN-N-增生早期-待识别255,1065
EN-N-增生晚期-待识别137,1066
EN-N-增生早期-待识别67,1067
EN-N-增生早期-待识别125,1068
EN-N-分泌期-待识别88,1069
EN-N-分泌期-待识别34,1070
EN-N-绝经期-待识别179,1071
EN-N-绝经期-待识别182,1072
EN-N-增生早期-待识别331,1073
EN-N-分泌期-待识别56,1074
EN-N-绝经期-待识别193,1075
EN-N-绝经期-待识别43,1076
EN-N-分泌期-待识别303,1077
EN-N-绝经期-待识别96,1078
EN-N-分泌期-待识别297,1079
EN-N-绝经期-待识别207,1080
EN-N-增生早期-待识别299,1081
EN-N-分泌期-待识别195,1082
EN-N-分泌期-待识别169,1083
EN-N-分泌期-待识别597,1084
EN-N-绝经期-未画图12,1085
EN-N-增生晚期-待识别237,1086
EN-N-分泌期-待识别17,1087
EN-N-分泌期-待识别527,1088
补充-EN-N-绝经期-9,1089
EN-N-分泌期-待识别178,1090
EN-N-分泌期-待识别341,1091
EN-N-分泌期-待识别185,1092
EN-N-增生早期-待识别46,1093
EN-N-绝经期-待识别161,1094
EN-N-增生早期-待识别220,1095
EN-N-增生晚期-待识别231,1096
EN-N-分泌期-待识别436,1097
EN-N-绝经期-待识别108,1098
EN-N-增生早期-待识别298,1099
EN-N-分泌期-待识别201,1100
EN-N-增生早期-待识别211,1101
EN-N-分泌期-待识别23,1102
EN-N-分泌期-待识别338,1103
EN-N-增生早期-未画图61,1104
EN-N-增生早期-待识别145,1105
EN-N-分泌期-待识别411,1106
EN-N-分泌期-待识别579,1107
EN-N-绝经期-待识别120,1108
EN-N-增生晚期-待识别244,1109
EN-N-分泌期-待识别276,1110
EN-N-增生晚期-待识别252,1111
EN-N-绝经期-待识别33,1112
EN-N-绝经期-待识别58,1113
EN-N-分泌期-待识别507,1114
EN-N-增生晚期-待识别114,1115
EN-N-增生早期-待识别121,1116
EN-N-增生早期-待识别156,1117
EN-N-绝经期-待识别100,1118
EN-N-分泌期-待识别145,1119
EN-N-绝经期-待识别152,1120
EN-N-绝经期-待识别26,1121
EN-N-分泌期-待识别410,1122
EN-N-分泌期-待识别226,1123
EN-N-分泌期-待识别467,1124
EN-N-分泌期-待识别378,1125
EN-N-增生早期-待识别208,1126
EN-N-增生早期-待识别116,1127
EN-N-绝经期-待识别239,1128
EN-N-增生早期-待识别155,1129
EN-N-绝经期-待识别103,1130
EN-N-分泌期-待识别231,1131
EN-N育龄增生晚期47,1132
EN-N-绝经期-待识别263,1133
EN-N-绝经期-待识别45,1134
EN-N-分泌期-待识别332,1135
EN-N-分泌期-待识别102,1136
EN-N-绝经期-待识别68,1137
EN-N-分泌期-待识别457,1138
EN-N-增生晚期-待识别209,1139
EN-N-分泌期-待识别488,1140
EN-N-分泌期-待识别447,1141
EN-N-增生早期-待识别30,1142
EN-N-分泌期-待识别260,1143
补充-EN-N-绝经期-10,1144
EN-N-增生早期-待识别157,1145
EN-N-增生早期-待识别146,1146
EN-N-分泌期-待识别250,1147
EN-N-分泌期-待识别558,1148
EN-N-分泌期-待识别580,1149
EN-N-增生晚期-待识别293,1150
EN-N-增生早期-待识别191,1151
EN-N-分泌期-待识别377,1152
EN-N-分泌期-待识别325,1153
EN-N-分泌期-待识别218,1154
EN-N-绝经期-待识别127,1155
EN-N-增生早期-待识别239,1156
EN-N-增生早期-未画图91,1157
EN-N-分泌期-待识别603,1158
EN-N-增生晚期-待识别227,1159
EN-N-绝经期-待识别121,1160
EN-N-绝经期-未画图20,1161
EN-N-分泌期-待识别519,1162
EN-N-绝经期-待识别20,1163
EN-N-增生早期-待识别184,1164
EN-N-增生早期-待识别330,1165
EN-N-绝经期-待识别63,1166
EN-N-分泌期-待识别28,1167
EN-N-增生早期-待识别97,1168
EN-N-分泌期-待识别30,1169
EN-N-绝经期-未画图29,1170
EN-N-增生晚期-待识别80,1171
EN-N-绝经期-待识别113,1172
EN-N-增生晚期-待识别33,1173
EN-N-分泌期-待识别570,1174
EN-N-增生早期-待识别21,1175
EN-N-增生晚期-待识别154,1176
EN-N-绝经期-待识别227,1177
EN-N-分泌期-待识别215,1178
EN-N-增生晚期-待识别128,1179
EN-N-绝经期-未画图82,1180
EN-N-绝经期-待识别131,1181
EN-N-分泌期-待识别162,1182
EN-N-增生早期-待识别47,1183
EN-N-绝经期-待识别77,1184
EN-N-增生晚期-待识别90,1185
EN-N-增生早期-待识别158,1186
EN-N-分泌期-待识别270,1187
EN-N-绝经期-未画图34,1188
EN-N-绝经期-待识别270,1189
EN-N-分泌期-待识别108,1190
EN-N-绝经期-待识别217,1191
EN-N-分泌期-待识别32,1192
EN-N-增生早期-待识别231,1193
EN-N-绝经期-待识别304,1194
EN-N-增生晚期-待识别162,1195
EN-N-分泌期-待识别581,1196
EN-N-增生早期-待识别35,1197
EN-N-增生早期-待识别291,1198
EN-N-分泌期-待识别275,1199
EN-N-增生早期-待识别311,1200
EN-N-增生早期-待识别250,1201
EN-N-增生晚期-待识别169,1202
EN-N-绝经期-未画图106,1203
EN-N-分泌期-待识别281,1204
EN-N-绝经期-待识别81,1205
EN-N-绝经期-待识别7,1206
EN-N-增生早期-待识别130,1207
EN-N-增生晚期-待识别13,1208
EN-N-增生早期-待识别252,1209
EN-N-增生早期-待识别163,1210
EN-N-绝经期-待识别168,1211
EN-N-绝经期-待识别175,1212
EN-N-分泌期-待识别475,1213
EN-N-增生早期-待识别148,1214
EN-N-增生早期-待识别215,1215
EN-N-分泌期-待识别382,1216
EN-N-增生早期-待识别243,1217
EN-N-分泌期-待识别435,1218
EN-N-分泌期-待识别200,1219
EN-N-增生早期-待识别219,1220
EN-N-增生早期-待识别283,1221
EN-N-绝经期-待识别260,1222
EN-N-绝经期-未画图94,1223
EN-N-增生早期-待识别32,1224
EN-N-增生早期-待识别192,1225
EN-N-绝经期-待识别258,1226
EN-N-分泌期-待识别561,1227
EN-N-分泌期-待识别180,1228
EN-N-分泌期-待识别1,1229
EN-N-绝经期-未画图158,1230
EN-N-增生晚期-待识别286,1231
EN-N-分泌期-待识别15,1232
EN-N-增生晚期-待识别65,1233
EN-N-绝经期-待识别125,1234
EN-N-增生早期-待识别60,1235
EN-N-增生晚期-待识别10,1236
补充-EN-N-增生早期1,1237
EN-N-增生晚期-待识别26,1238
EN-N-增生早期-待识别253,1239
EN-N-增生早期-待识别99,1240
EN-N-增生早期-待识别187,1241
EN-N-增生早期-待识别203,1242
EN-N-增生早期-未画图35,1243
EN-N-增生晚期-待识别170,1244
EN-N-增生早期-待识别270,1245
EN-N-绝经期-待识别159,1246
EN-N-分泌期-待识别139,1247
EN-N-增生晚期-待识别183,1248
EN-N-增生晚期-待识别186,1249
EN-N-增生晚期-待识别9,1250
EN-N-分泌期-待识别445,1251
EN-N-分泌期-待识别604,1252
EN-N-增生早期-待识别54,1253
EN-N-增生晚期-待识别219,1254
EN-N-分泌期-待识别571,1255
EN-N-分泌期-待识别236,1256
EN-N-分泌期-待识别74,1257
EN-N-增生早期-待识别55,1258
EN-N-绝经期-待识别278,1259
EN-N-绝经期-待识别310,1260
EN-N-绝经期-待识别19,1261
EN-N-增生晚期-待识别58,1262
EN-N-增生晚期-待识别220,1263
EN-N-增生早期-待识别275,1264
EN-N-分泌期-待识别359,1265
EN-N-增生早期-待识别1,1266
EN-N-增生晚期-待识别46,1267
EN-N-分泌期-未画图9,1268
EN-N-增生晚期-待识别158,1269
EN-N-增生晚期-待识别117,1270
EN-N-分泌期-待识别353,1271
EN-N-分泌期-待识别444,1272
EN-N-绝经期-待识别185,1273
EN-N-分泌期-待识别21,1274
EN-N-增生早期-待识别91,1275
EN-N-增生晚期-待识别300,1276
EN-N-分泌期-待识别440,1277
EN-N-增生早期-待识别93,1278
EN-N-增生早期-待识别185,1279
EN-N-绝经期-未画图111,1280
EN-N-分泌期-待识别460,1281
EN-N-增生晚期-未画图44,1282
EN-N-增生早期-待识别126,1283
EN-N-增生早期-待识别41,1284
EN-N-分泌期-待识别143,1285
EN-N-分泌期-待识别65,1286
EN-N-分泌期-待识别337,1287
EN-N-分泌期-待识别18,1288
EN-N-绝经期-待识别124,1289
EN-N-增生晚期-待识别140,1290
EN-N-分泌期-待识别520,1291
EN-N-增生晚期-待识别256,1292
EN-N-增生早期-待识别56,1293
EN-N-绝经期-待识别248,1294
EN-N-分泌期-待识别462,1295
EN-N-分泌期-待识别268,1296
EN-N-分泌期-待识别265,1297
EN-N-增生晚期-待识别273,1298
EN-N-分泌期-待识别263,1299
EN-N-绝经期-待识别286,1300
EN-N-绝经期-待识别291,1301
EN-N-分泌期-待识别333,1302
EN-N-增生晚期-待识别146,1303
EN-N-绝经期-待识别154,1304
EN-N-增生早期-待识别127,1305
EN-N-增生晚期-待识别27,1306
EN-N-分泌期-待识别40,1307
EN-N-绝经期-待识别237,1308
EN-N-绝经期-待识别285,1309
EN-N-增生早期-待识别129,1310
EN-N-增生晚期-待识别19,1311
EN-N-分泌期-待识别264,1312
EN-N-分泌期-待识别16,1313
EN-N-增生晚期-待识别142,1314
EN-N-分泌期-待识别608,1315
EN-N-分泌期-未画图23,1316
EN-N-增生晚期-待识别125,1317
EN-N-增生早期-待识别8,1318
EN-N-增生早期-待识别181,1319
EN-N-增生早期-待识别225,1320
EN-N-增生早期-待识别257,1321
EN-N-分泌期-待识别183,1322
EN-N-分泌期-待识别113,1323
EN-N-分泌期-待识别172,1324
EN-N-绝经期-待识别274,1325
EN-N-绝经期-待识别86,1326
EN-N-绝经期-待识别203,1327
EN-N-分泌期-待识别511,1328
EN-N-绝经期-未画图140,1329
EN-N-绝经期-待识别59,1330
EN-N-绝经期-未画图137,1331
EN-N-绝经期-待识别255,1332
EN-N-绝经期-待识别296,1333
EN-N-增生早期-待识别173,1334
EN-N-增生早期-待识别305,1335
EN-N-增生早期-待识别123,1336
EN-N-绝经期-待识别150,1337
EN-N-绝经期-待识别74,1338
EN-N-分泌期-待识别314,1339
EN-N-分泌期-待识别52,1340
EN-N-增生早期-待识别51,1341
EN-N-增生早期-待识别61,1342
EN-N-增生晚期-待识别83,1343
EN-N-增生晚期-待识别230,1344
EN-N-增生晚期-待识别71,1345
EN-N-分泌期-待识别13,1346
EN-N-分泌期-待识别249,1347
EN-N-增生早期-待识别212,1348
EN-N-增生早期-待识别31,1349
EN-N-增生晚期-待识别197,1350
EN-N-分泌期-待识别316,1351
EN-N-分泌期-待识别556,1352
EN-N-绝经期-待识别287,1353
EN-N-增生晚期-待识别263,1354
EN-N-增生晚期-待识别251,1355
EN-N-增生晚期-待识别280,1356
EN-N-分泌期-待识别79,1357
EN-N-绝经期-待识别187,1358
EN-N-增生早期-待识别98,1359
EN-N-绝经期-待识别192,1360
EN-N-分泌期-待识别214,1361
EN-N-分泌期-待识别407,1362
EN-N-分泌期-待识别189,1363
EN-N-分泌期-待识别196,1364
EN-N-增生早期-待识别205,1365
EN-N-增生早期-待识别188,1366
EN-N-分泌期-待识别25,1367
EN-N-分泌期-待识别187,1368
EN-N-绝经期-待识别2,1369
EN-N-增生晚期-待识别79,1370
EN-N-增生晚期-待识别12,1371
EN-N-分泌期-待识别517,1372
EN-N-分泌期-待识别340,1373
EN-N-增生晚期-待识别25,1374
EN-N-分泌期-待识别573,1375
EN-N-分泌期-待识别192,1376
EN-N-增生晚期-待识别78,1377
EN-N-绝经期-未画图26,1378
EN-N-增生晚期-待识别312,1379
EN-N-增生晚期-待识别115,1380
EN-N-绝经期-待识别24,1381
EN-N-分泌期-待识别167,1382
EN-N-增生晚期-待识别294,1383
EN-N-增生晚期-待识别166,1384
EN-N-绝经期-待识别60,1385
EN-N-绝经期-待识别145,1386
EN-N-增生晚期-待识别20,1387
EN-N-分泌期-未画图2,1388
EN-N-分泌期-待识别202,1389
EN-N-绝经期-待识别223,1390
EN-N-增生早期-待识别279,1391
EN-N-分泌期-待识别509,1392
EN-N-增生早期-待识别12,1393
EN-N-增生早期-待识别66,1394
EN-N-绝经期-待识别173,1395
EN-N-分泌期-待识别39,1396
EN-N-增生晚期-待识别229,1397
EN-N-增生晚期-待识别310,1398
EN-N-分泌期-待识别309,1399
EN-N-分泌期-待识别267,1400
EN-N-分泌期-待识别345,1401
EN-N-绝经期-待识别73,1402
EN-N-绝经期-待识别191,1403
EN-N-增生早期-未画图43,1404
EN-N-增生早期-待识别120,1405
EN-N育龄增生晚期42,1406
EN-N-增生晚期-待识别124,1407
EN-N-增生晚期-待识别111,1408
EN-N-分泌期-待识别220,1409
EN-N-绝经期-待识别142,1410
EN-N-增生早期-待识别20,1411
EN-N-增生晚期-待识别189,1412
EN-N-增生晚期-待识别51,1413
EN-N-分泌期-待识别577,1414
EN-N-增生早期-待识别307,1415
EN-N-分泌期-待识别491,1416
EN-N-分泌期-待识别334,1417
EN-N-增生早期-待识别122,1418
EN-N-增生晚期-待识别109,1419
EN-N-增生早期-待识别44,1420
EN-N-分泌期-待识别78,1421
EN-N-增生早期-待识别256,1422
EN-N-增生晚期-待识别54,1423
EN-N-增生晚期-待识别60,1424
EN-N-增生早期-待识别296,1425
EN-N-增生晚期-待识别311,1426
EN-N-绝经期-未画图164,1427
EN-N-增生晚期-待识别7,1428
EN-N-绝经期-待识别164,1429
EN-N-增生早期-待识别162,1430
EN-N-分泌期-待识别531,1431
补充-EN-N-增生晚期2,1432
EN-N-增生早期-待识别233,1433
EN-N-增生晚期-待识别118,1434
EN-N-增生早期-待识别200,1435
EN-N-增生晚期-待识别303,1436
EN-N-分泌期-待识别248,1437
EN-N-分泌期-待识别300,1438
EN-N-分泌期-待识别306,1439
EN-N-增生晚期-待识别122,1440
EN-N-绝经期-待识别21,1441
EN-N-分泌期-未画图5,1442
EN-N-分泌期-待识别273,1443
EN-N-绝经期-待识别283,1444
EN-N-分泌期-待识别80,1445
EN-N-增生晚期-待识别93,1446
EN-N-绝经期-待识别216,1447
EN-N-绝经期-待识别167,1448
EN-N-增生早期-待识别128,1449
EN-N-分泌期-待识别452,1450
EN-N-绝经期-待识别36,1451
EN-N-绝经期-待识别169,1452
EN-N-分泌期-待识别331,1453
EN-N-增生早期-待识别106,1454
EN-N-分泌期-待识别523,1455
EN-N-分泌期-待识别22,1456
EN-N-增生早期-待识别196,1457
EN-N-分泌期-待识别307,1458
EN-N-分泌期-待识别458,1459
EN-N-增生早期-待识别321,1460
EN-N-分泌期-待识别206,1461
EN-N-分泌期-待识别468,1462
EN-N-增生早期-待识别85,1463
EN-N-分泌期-待识别235,1464
EN-N-分泌期-待识别439,1465
EN-N-绝经期-待识别109,1466
EN-N-增生晚期-待识别271,1467
EN-N-分泌期-待识别320,1468
EN-N-分泌期-待识别299,1469
EN-N-分泌期-未画图3,1470
EN-N-绝经期-待识别122,1471
EN-N-绝经期-未画图101,1472
EN-N-增生晚期-未画图60,1473
EN-N-绝经期-待识别297,1474
EN-N-绝经期-待识别170,1475
EN-N-分泌期-待识别266,1476
EN-N-分泌期-待识别330,1477
EN-N-增生晚期-待识别248,1478
EN-N-绝经期-待识别111,1479
EN-N-增生早期-待识别131,1480
EN-N-分泌期-待识别164,1481
EN-N-分泌期-待识别20,1482
EN-N-绝经期-未画图28,1483
EN-N-增生早期-待识别289,1484
EN-N-增生早期-待识别62,1485
EN-N-增生晚期-待识别247,1486
EN-N-分泌期-待识别456,1487
EN-N-绝经期-待识别244,1488
EN-N-绝经期-未画图178,1489
EN-N育龄增生早期35,1490
EN-N-绝经期-待识别106,1491
EN-N-增生晚期-待识别199,1492
EN-N-分泌期-未画图17,1493
EN-N-增生晚期-待识别268,1494
EN-N-分泌期-待识别495,1495
EN-N-绝经期-未画图172,1496
EN-N-绝经期-待识别189,1497
EN-N-绝经期-未画图39,1498
EN-N-分泌期-待识别394,1499
EN-N-绝经期-未画图115,1500
EN-N-分泌期-待识别370,1501
EN-N-分泌期-待识别4,1502
EN-N-分泌期-待识别117,1503
EN-N-分泌期-待识别601,1504
EN-N-增生晚期-待识别200,1505
EN-N-分泌期-待识别76,1506
EN-N-分泌期-待识别234,1507
EN-N-增生早期-待识别132,1508
EN-N-增生早期-待识别198,1509
EN-N-绝经期-待识别229,1510
EN-N-增生早期-未画图101,1511
EN-N-增生晚期-待识别41,1512
EN-N-绝经期-未画图66,1513
EN-N-绝经期-待识别18,1514
EN-N-分泌期-待识别409,1515
EN-N-分泌期-待识别564,1516
EN-N-绝经期-待识别66,1517
EN-N-分泌期-待识别328,1518
EN-N-增生早期-待识别302,1519
EN-N-增生晚期-待识别204,1520
EN-N-分泌期-待识别329,1521
EN-N-分泌期-待识别290,1522
EN-N-绝经期-未画图105,1523
EN-N-增生早期-待识别65,1524
EN-N-分泌期-待识别81,1525
EN-N-分泌期-未画图36,1526
EN-N-分泌期-待识别184,1527
EN-N-绝经期-待识别116,1528
EN-N-增生晚期-待识别292,1529
EN-N-绝经期-待识别308,1530
EN-N-绝经期-未画图149,1531
EN-N-绝经期-待识别269,1532
EN-N-分泌期-待识别611,1533
EN-N-增生早期-待识别7,1534
EN-N-增生早期-待识别142,1535
EN-N-绝经期-待识别252,1536
EN-N-绝经期-待识别17,1537
EN-N-增生早期-待识别119,1538
EN-N-增生早期-未画图27,1539
EN-N-绝经期-待识别319,1540
EN-N-绝经期-待识别5,1541
EN-N-增生早期-待识别271,1542
EN-N-分泌期-待识别442,1543
EN-N-分泌期-待识别510,1544
EN-N-分泌期-待识别574,1545
EN-N-分泌期-待识别205,1546
EN-N-分泌期-待识别100,1547
EN-N-增生早期-未画图59,1548
EN-N-绝经期-待识别102,1549
EN-N-增生晚期-待识别8,1550
EN-N-增生晚期-待识别309,1551
EN-N-分泌期-待识别476,1552
EN-N-增生早期-待识别285,1553
EN-N-分泌期-待识别526,1554
EN-N-增生早期-待识别241,1555
EN-N-绝经期-待识别88,1556
EN-N-增生晚期-待识别261,1557
EN-N-绝经期-未画图189,1558
EN-N-增生早期-待识别322,1559
EN-N-分泌期-待识别151,1560
EN-N-绝经期-待识别163,1561
EN-N-分泌期-待识别455,1562
EN-N-分泌期-待识别496,1563
EN-N-增生早期-待识别172,1564
EN-N-绝经期-待识别195,1565
EN-N-增生早期-待识别10,1566
EN-N-分泌期-待识别153,1567
EN-N-分泌期-待识别138,1568
EN-N-绝经期-未画图182,1569
EN-N-绝经期-待识别262,1570
EN-N-增生早期-待识别113,1571
EN-N-增生晚期-待识别126,1572
EN-N-分泌期-待识别532,1573
EN-N-绝经期-待识别284,1574
EN-N-增生晚期-待识别119,1575
EN-N-增生晚期-待识别44,1576
EN-N-分泌期-未画图28,1577
EN-N-绝经期-待识别140,1578
EN-N-绝经期-待识别110,1579
EN-N-增生早期-待识别83,1580
EN-N-增生晚期-待识别120,1581
EN-N-绝经期-待识别28,1582
EN-N-绝经期-待识别196,1583
EN-N-增生早期-待识别240,1584
EN-N-增生晚期-待识别181,1585
EN-N-分泌期-待识别209,1586
EN-N-增生晚期-待识别245,1587
EN-N-分泌期-待识别352,1588
EN-N-增生晚期-待识别172,1589
EN-N-分泌期-待识别317,1590
EN-N-分泌期-待识别137,1591
EN-N-增生晚期-待识别14,1592
EN-N-绝经期-待识别311,1593
EN-N-绝经期-待识别213,1594
EN-N-增生晚期-待识别232,1595
EN-N-增生早期-待识别19,1596
EN-N-绝经期-未画图114,1597
EN-N-绝经期-未画图89,1598
EN-N-分泌期-待识别557,1599
EN-N-绝经期-待识别200,1600
EN-N-分泌期-待识别27,1601
EN-N-增生早期-待识别136,1602
EN-N育龄增生早期31,1603
EN-N-增生晚期-未画图17,1604
EN-N-分泌期-待识别3,1605
EN-N-分泌期-待识别566,1606
EN-N-分泌期-待识别311,1607
EN-N-增生晚期-待识别68,1608
EN-N-增生早期-待识别264,1609
EN-N-分泌期-待识别592,1610
EN-N-分泌期-待识别361,1611
EN-N-绝经期-待识别50,1612
EN-N-绝经期-待识别256,1613
EN-N-分泌期-待识别133,1614
EN-N-增生早期-待识别310,1615
EN-N-分泌期-待识别254,1616
EN-N-绝经期-待识别300,1617
EN-N-分泌期-待识别122,1618
EN-N-绝经期-待识别112,1619
EN-N-分泌期-待识别271,1620
EN-N-分泌期-待识别110,1621
EN-N-增生晚期-待识别129,1622
EN-N-增生晚期-待识别270,1623
EN-N-绝经期-待识别197,1624
EN-N-增生早期-待识别11,1625
EN-N-增生早期-待识别265,1626
EN-N-分泌期-待识别82,1627
EN-N-分泌期-待识别166,1628
EN-N-增生晚期-待识别213,1629
EN-N-增生早期-待识别103,1630
EN-N-绝经期-待识别326,1631
EN-N-分泌期-待识别278,1632
EN-N-分泌期-待识别369,1633
EN-N-增生早期-待识别102,1634
EN-N-分泌期-待识别144,1635
EN-N-分泌期-待识别141,1636
EN-N-增生晚期-待识别98,1637
EN-N-增生早期-待识别274,1638
EN-N-增生早期-待识别290,1639
EN-N-绝经期-待识别247,1640
EN-N-增生晚期-待识别222,1641
EN-N-绝经期-待识别162,1642
EN-N-绝经期-待识别323,1643
EN-N-分泌期-待识别142,1644
EN-N-绝经期-待识别40,1645
EN-N-增生晚期-待识别299,1646
EN-N-分泌期-待识别487,1647
EN-N-增生晚期-待识别112,1648
EN-N-绝经期-待识别44,1649
EN-N-增生早期-待识别118,1650
EN-N-增生晚期-待识别192,1651
EN-N-增生早期-待识别262,1652
EN-N-增生晚期-待识别39,1653
EN-N-绝经期-待识别271,1654
EN-N-绝经期-待识别325,1655
EN-N-绝经期-未画图146,1656
EN-N-分泌期-待识别188,1657
EN-N-绝经期-待识别153,1658
EN-N-分泌期-待识别472,1659
EN-N-增生早期-待识别3,1660
EN-N-分泌期-待识别107,1661
EN-N-分泌期-待识别466,1662
EN-N-分泌期-待识别598,1663
EN-N-增生早期-待识别237,1664
EN-N-分泌期-待识别283,1665
EN-N-分泌期-待识别539,1666
EN-N-绝经期-未画图141,1667
EN-N-增生晚期-待识别30,1668
EN-N-绝经期-未画图47,1669
EN-N-增生早期-待识别168,1670
EN-N-增生早期-待识别236,1671
EN-N-增生晚期-待识别69,1672
EN-N-增生晚期-未画图20,1673
EN-N-增生早期-待识别26,1674
EN-N-增生早期-待识别111,1675
EN-N-增生晚期-未画图4,1676
EN-N-绝经期-未画图163,1677
EN-N-绝经期-未画图139,1678
EN-N-绝经期-待识别209,1679
EN-N-增生晚期-待识别89,1680
EN-N-增生晚期-待识别243,1681
EN-N-增生早期-待识别28,1682
EN-N-增生晚期-待识别164,1683
EN-N-分泌期-待识别418,1684
EN-N-增生早期-待识别193,1685
EN-N-绝经期-待识别240,1686
EN-N-绝经期-待识别279,1687
EN-N-分泌期-待识别541,1688
EN-N-绝经期-待识别177,1689
EN-N-分泌期-待识别150,1690
EN-N-绝经期-待识别165,1691
EN-N-分泌期-待识别53,1692
EN-N-绝经期-待识别275,1693
EN-N-增生晚期-待识别49,1694
EN-N-增生早期-待识别75,1695
EN-N-分泌期-待识别404,1696
EN-N-增生早期-待识别64,1697
EN-N-绝经期-待识别13,1698
EN-N-增生早期-待识别204,1699
补充-EN-N-增生晚期8,1700
EN-N-绝经期-待识别41,1701
EN-N-分泌期-待识别62,1702
EN-N-绝经期-待识别276,1703
EN-N-增生晚期-待识别241,1704
EN-N-分泌期-待识别135,1705
EN-N-分泌期-待识别232,1706
EN-N-增生早期-待识别101,1707
EN-N-增生晚期-待识别123,1708
EN-N-分泌期-待识别35,1709
EN-N-分泌期-待识别259,1710
EN-N-分泌期-待识别262,1711
EN-N-增生早期-待识别137,1712
EN-N-绝经期-未画图166,1713
EN-N-增生晚期-待识别236,1714
EN-N-增生早期-待识别114,1715
EN-N-增生晚期-待识别92,1716
EN-N-增生晚期-待识别101,1717
EN-N-增生晚期-待识别97,1718
EN-N-增生晚期-未画图19,1719
EN-N-绝经期-待识别61,1720
EN-N-分泌期-待识别146,1721
EN-N-分泌期-待识别485,1722
EN-N-增生早期-待识别79,1723
EN-N-绝经期-待识别14,1724
EN-N-分泌期-待识别160,1725
EN-N-绝经期-待识别151,1726
补充-EN-N-绝经期-12,1727
EN-N-分泌期-待识别106,1728
EN-N-分泌期-待识别323,1729
EN-N-分泌期-待识别7,1730
EN-N-绝经期-待识别235,1731
EN-N-分泌期-待识别222,1732
EN-N-增生早期-待识别109,1733
EN-N-增生早期-待识别17,1734
EN-N-绝经期-待识别134,1735
EN-N-绝经期-待识别148,1736
EN-N-绝经期-未画图184,1737
EN-N-分泌期-待识别322,1738
EN-N-绝经期-待识别205,1739
EN-N-增生早期-待识别23,1740
EN-N-分泌期-待识别560,1741
EN-N-增生早期-待识别63,1742
补充-EN-N-分泌期5,1743
EN-N-分泌期-待识别2,1744
EN-N-增生早期-待识别92,1745
EN-N-分泌期-待识别335,1746
EN-N-绝经期-待识别243,1747
EN-N-增生早期-待识别177,1748
EN-N-绝经期-未画图97,1749
EN-N-绝经期-待识别313,1750
EN-N-增生早期-待识别53,1751
EN-N-增生晚期-待识别11,1752
EN-N-绝经期-待识别188,1753
EN-N-分泌期-待识别173,1754
EN-N-绝经期-待识别141,1755
EN-N-分泌期-待识别26,1756
EN-N-增生晚期-待识别147,1757
EN-N-绝经期-待识别104,1758
EN-N-分泌期-待识别152,1759
EN-N-分泌期-待识别59,1760
EN-N-分泌期-待识别327,1761
EN-N-绝经期-待识别75,1762
EN-N-分泌期-待识别277,1763
EN-N-增生晚期-待识别180,1764
EN-N-增生晚期-待识别59,1765
EN-N育龄增生晚期1,1766
EN-N-增生晚期-待识别138,1767
EN-N-分泌期-待识别246,1768
EN-N-增生晚期-待识别82,1769
EN-N-分泌期-待识别420,1770
EN-N-绝经期-待识别38,1771
EN-N-绝经期-待识别224,1772
EN-N-分泌期-待识别251,1773
EN-N-分泌期-待识别272,1774
EN-N-分泌期-待识别219,1775
EN-N-增生早期-待识别77,1776
EN-N-增生晚期-未画图47,1777
EN-N-增生晚期-待识别177,1778
EN-N-增生早期-待识别282,1779
EN-N-增生早期-待识别135,1780
EN-N-分泌期-待识别174,1781
EN-N-分泌期-待识别302,1782
EN-N-增生早期-待识别87,1783
EN-N-分泌期-待识别42,1784
EN-N-绝经期-待识别6,1785
EN-N-增生早期-待识别263,1786
EN-N-分泌期-待识别319,1787
EN-N-分泌期-待识别120,1788
EN-N-绝经期-未画图76,1789
EN-N-增生晚期-待识别250,1790
EN-N-增生早期-待识别57,1791
EN-N-增生晚期-待识别116,1792
EN-N-增生早期-待识别179,1793
EN-N-绝经期-待识别295,1794
EN-N-绝经期-待识别273,1795
EN-N-分泌期-待识别256,1796
EN-N-绝经期-待识别289,1797
EN-N-绝经期-待识别199,1798
EN-N-增生晚期-待识别31,1799
EN-N-分泌期-待识别175,1800
EN-N-分泌期-待识别298,1801
EN-N-增生晚期-待识别246,1802
EN-N-增生晚期-待识别53,1803
EN-N-增生早期-待识别42,1804
EN-N-绝经期-待识别302,1805
EN-N-分泌期-待识别524,1806
EN-N-增生晚期-待识别70,1807
EN-N-分泌期-待识别547,1808
EN-N-分泌期-待识别208,1809
EN-N-绝经期-待识别129,1810
EN-N-绝经期-未画图19,1811
EN-N-增生早期-待识别117,1812
EN-N-绝经期-待识别254,1813
EN-N-增生早期-待识别112,1814
EN-N-增生早期-待识别251,1815
EN-N-绝经期-待识别198,1816
EN-N-增生早期-未画图68,1817
EN-N-增生晚期-待识别238,1818
EN-N-增生早期-待识别248,1819
EN-N-增生晚期-待识别21,1820
EN-N-分泌期-待识别312,1821
EN-N-分泌期-待识别450,1822
EN-N-绝经期-待识别259,1823
EN-N-增生早期-待识别72,1824
EN-N-分泌期-待识别12,1825
EN-N-绝经期-未画图45,1826
EN-N-分泌期-待识别508,1827
EN-N-分泌期-待识别47,1828
EN-N-分泌期-待识别149,1829
EN-N-绝经期-待识别178,1830
EN-N-分泌期-待识别170,1831
EN-N-分泌期-待识别224,1832
EN-N-分泌期-未画图19,1833
EN-N-增生晚期-待识别282,1834
EN-N-增生早期-待识别293,1835
EN-N-增生早期-待识别94,1836
EN-N-分泌期-待识别473,1837
EN-N-增生早期-待识别218,1838
EN-N-绝经期-待识别204,1839
EN-N-绝经期-待识别208,1840
EN-N-分泌期-待识别96,1841
EN-N-绝经期-待识别231,1842
EN-N-绝经期-待识别126,1843
EN-N-增生晚期-待识别56,1844
EN-N-分泌期-待识别578,1845
EN-N-分泌期-待识别29,1846
EN-N-绝经期-未画图11,1847
EN-N-增生晚期-待识别73,1848
EN-N-增生早期-待识别276,1849
EN-N-分泌期-待识别207,1850
EN-N-分泌期-待识别61,1851
EN-N-分泌期-待识别127,1852
EN-N-分泌期-待识别293,1853
EN-N-绝经期-未画图138,1854
EN-N-分泌期-待识别181,1855
EN-N-绝经期-待识别94,1856
EN-N-增生晚期-待识别163,1857
EN-N-分泌期-待识别339,1858
EN-N-绝经期-待识别90,1859
EN-N-分泌期-待识别602,1860
EN-N-绝经期-待识别293,1861
EN-N-分泌期-待识别19,1862
EN-N-分泌期-待识别518,1863
EN-N-增生早期-未画图41,1864
EN-N-绝经期-未画图113,1865
EN-N-增生晚期-待识别110,1866
EN-N-分泌期-待识别358,1867
补充-EN-N-分泌期2,1868
EN-N-分泌期-待识别229,1869
EN-N-分泌期-待识别258,1870
EN-N-绝经期-待识别136,1871
补充-EN-N-绝经期-14,1872
EN-N-分泌期-待识别553,1873
EN-N-增生早期-待识别206,1874
EN-N-增生早期-待识别110,1875
EN-N-分泌期-待识别68,1876
EN-N-分泌期-待识别477,1877
EN-N-增生早期-待识别52,1878
EN-N-分泌期-待识别282,1879
EN-N-分泌期-待识别421,1880
EN-N-增生早期-待识别209,1881
EN-N-绝经期-未画图44,1882
EN-N-增生晚期-待识别-1,1883
EN-N-分泌期-待识别130,1884
EN-N-增生晚期-待识别87,1885
EN-N-绝经期-待识别299,1886
EN-N-绝经期-待识别264,1887
EN-N-增生晚期-待识别45,1888
EN-N-增生晚期-待识别35,1889
EN-N-绝经期-待识别281,1890
EN-N-分泌期-待识别301,1891
EN-N-绝经期-待识别261,1892
EN-N-增生晚期-待识别100,1893
EN-N-增生晚期-待识别43,1894
EN-N-绝经期-待识别92,1895
EN-N-绝经期-待识别322,1896
EN-N-绝经期-待识别324,1897
EN-N-分泌期-待识别242,1898
EN-N-增生晚期-待识别139,1899
EN-N-绝经期-待识别67,1900
EN-N-分泌期-待识别448,1901
EN-N-绝经期-待识别280,1902
EN-N-分泌期-待识别550,1903
EN-N-增生晚期-待识别145,1904
EN-N-增生晚期-待识别84,1905
EN-N-增生晚期-待识别55,1906
EN-N-增生晚期-待识别113,1907
EN-N-增生早期-待识别84,1908
EN-N-绝经期-未画图23,1909
EN-N-分泌期-待识别5,1910
EN-N-增生早期-未画图26,1911
EN-N-分泌期-待识别238,1912
EN-N-分泌期-待识别14,1913
EN-N-绝经期-待识别222,1914
EN-N-绝经期-未画图174,1915
EN-N-绝经期-待识别8,1916
EN-N-增生晚期-待识别76,1917
补充-EN-N-绝经期-11,1918
EN-N-增生晚期-待识别48,1919
EN-N-分泌期-待识别344,1920
EN-N-绝经期-未画图180,1921
EN-N-增生早期-待识别150,1922
补充-EN-N-分泌期6,1923
EN-N-增生晚期-待识别16,1924
EN-N-绝经期-待识别138,1925
EN-N-绝经期-待识别272,1926
EN-N-分泌期-待识别590,1927
EN-N-分泌期-待识别606,1928
EN-N-分泌期-待识别241,1929
EN-N-绝经期-待识别245,1930
EN-N-分泌期-待识别58,1931
EN-N-增生晚期-待识别32,1932
EN-N-绝经期-未画图110,1933
EN-N-绝经期-待识别215,1934
EN-N-绝经期-未画图165,1935
EN-N-分泌期-未画图37,1936
EN-N-分泌期-待识别50,1937
EN-N-分泌期-待识别326,1938
EN-N-增生早期-待识别15,1939
EN-N-绝经期-待识别277,1940
EN-N-分泌期-待识别114,1941
EN-N-绝经期-待识别55,1942
EN-N-分泌期-待识别165,1943
EN-N-绝经期-待识别16,1944
EN-N-绝经期-待识别22,1945
EN-N-分泌期-待识别454,1946
EN-N-增生早期-待识别40,1947
EN-N-增生早期-待识别71,1948
EN-N-绝经期-待识别123,1949
EN-N-增生晚期-待识别149,1950
EN-N-绝经期-待识别232,1951
EN-N-分泌期-待识别186,1952
EN-N-分泌期-待识别225,1953
EN-N-绝经期-待识别257,1954
EN-N-增生早期-待识别294,1955
EN-N-分泌期-待识别318,1956
EN-N-增生早期-待识别73,1957
EN-N-绝经期-未画图102,1958
EN-N-分泌期-待识别546,1959
EN-N-分泌期-待识别148,1960
EN-N-增生早期-未画图50,1961
EN-N-绝经期-待识别30,1962
EN-N-分泌期-待识别346,1963
EN-N-绝经期-待识别218,1964
EN-N-绝经期-待识别166,1965
EN-N-增生晚期-待识别52,1966
EN-N-增生晚期-待识别96,1967
EN-N-分泌期-待识别228,1968
EN-N-增生早期-待识别100,1969
EN-N-分泌期-待识别6,1970
EN-N-增生早期-待识别49,1971
EN-N-绝经期-待识别266,1972
EN-N-绝经期-待识别238,1973
EN-N-分泌期-待识别288,1974
EN-N-分泌期-待识别243,1975
EN-N-分泌期-待识别279,1976
EN-N-绝经期-待识别298,1977
EN-N-分泌期-待识别502,1978
EN-N-增生晚期-待识别160,1979
EN-N-增生晚期-待识别221,1980
EN-N-绝经期-待识别211,1981
EN-N-分泌期-待识别503,1982
EN-N-增生早期-待识别216,1983
EN-N-绝经期-未画图24,1984
EN-N-增生晚期-待识别297,1985
EN-N-绝经期-未画图124,1986
EN-N-分泌期-待识别63,1987
EN-N-增生早期-未画图6,1988
EN-N-绝经期-待识别25,1989
EN-N-增生晚期-待识别228,1990
EN-N-绝经期-待识别303,1991
EN-N-绝经期-未画图159,1992
EN-N-分泌期-待识别371,1993
EN-N-分泌期-待识别576,1994
EN-N-增生晚期-待识别105,1995
补充-EN-N-绝经期-15,1996
EN-N-增生晚期-待识别151,1997
EN-N-增生晚期-待识别175,1998
EN-N-分泌期-待识别155,1999
补充-EN-N-绝经期-1,2000
补充-EN-N-分泌期1,2001
补充-EN-N-绝经期-6,2002
EN-N-增生早期-待识别332,2003
补充-EN-N-绝经期-4,2004
EN-N-分泌期-待识别154,2005
补充-EN-N-绝经期-2,2006
EN-N-增生晚期-待识别307,2007
EN-N-分泌期-待识别373,2008
EN-N-增生早期-待识别108,2009
EN-N-绝经期-待识别158,2010
EN-N-增生早期-待识别133,2011
EN-N-增生晚期-待识别95,2012
EN-N-分泌期-待识别9,2013
EN-N育龄分泌71,2014
EN-N育龄增生早期78,2015
EN-N育龄增生早期75,2016
EN-N育龄增生晚期24,2017
EN-N育龄增生早期23,2018
EN-N育龄分泌52,2019
EN-N育龄分泌62,2020
EN-N育龄增生晚期61,2021
EN-N育龄增生早期94,2022
EN-N育龄增生晚期62,2023
EN-N育龄分泌74,2024
EN-N育龄分泌34,2025
EN-N育龄分泌58,2026
EN-N育龄增生早期25,2027
EN-N育龄分泌40,2028
EN-N育龄增生早期81,2029
EN-N育龄分泌38,2030
EN-N育龄增生早期72,2031
EN-N育龄分泌50,2032
EN-N育龄增生晚期30,2033
EN-N育龄分泌76,2034
EN-N育龄分泌66,2035
EN-N育龄增生晚期63,2036
EN-N育龄增生晚期59,2037
EN-N育龄增生晚期48,2038
EN-N育龄分泌43,2039
EN-N育龄增生早期13,2040
EN-N育龄分泌60,2041
EN-N育龄分泌19,2042
EN-N育龄增生早期99,2043
EN-N育龄分泌70,2044
EN-N育龄分泌77,2045
EN-N育龄分泌35,2046
EN-N育龄增生晚期50,2047
EN-N育龄增生晚期18,2048
EN-N育龄增生晚期33,2049
EN-N育龄增生晚期56,2050
EN-N育龄增生早期98,2051
EN-N育龄增生早期11,2052
EN-N育龄增生早期92,2053
EN-N育龄分泌81,2054
EN-N育龄增生晚期53,2055
EN-N育龄分泌17,2056
EN-N育龄分泌88,2057
EN-N育龄分泌63,2058
EN-N育龄分泌83,2059
EN-N育龄分泌65,2060
EN-N育龄增生晚期17,2061
EN-N育龄分泌57,2062
EN-N育龄分泌80,2063
EN-N育龄增生早期77,2064
EN-N育龄分泌56,2065
EN-N育龄分泌73,2066
EN-N育龄增生早期34,2067
EN-N-增生晚期-未画图35,2068
EN-N育龄增生晚期64,2069
EN-N育龄分泌42,2070
EN-N育龄分泌72,2071
EN-N育龄增生早期15,2072
EN-N育龄分泌53,2073
EN-N育龄分泌84,2074
EN-N育龄分泌67,2075
EN-N-增生晚期-待识别161,2076
EN-N育龄增生晚期32,2077
EN-N绝经后42,2078
EN-EN绝经后25,2079
EN-N绝经后54,2080
EN-N绝经后11,2081
EN-N绝经后12,2082
